person_id,income_per_acre,gender,female,training_on_sericulture,crop_insured,chawki_bivol,chawki_combo_other,district,loan_repaid,affected_by_pest
5,35937.5,Female,1,0,0,1,0,Bellary,1,1
8,61264.82213,Male,0,1,1,1,0,Bellary,1,0
10,25000,Female,1,1,0,1,0,Bellary,1,0
18,31111.11111,Male,0,1,0,0,1,Bellary,1,1
19,20161.29032,Male,0,1,0,1,0,Bellary,1,0
21,24000,Female,1,1,0,1,0,Bellary,1,1
24,32500,Male,0,1,1,1,0,Bellary,1,1
25,24444.44444,Female,1,1,1,1,0,Bellary,1,1
26,21739.13043,Male,0,1,0,1,0,Bellary,0,1
27,15000,Male,0,1,0,1,0,Bellary,1,1
29,33333.33333,Male,0,1,1,1,0,Bellary,0,1
31,23255.81395,Male,0,1,1,1,0,Bellary,1,0
32,67500,Male,0,1,1,1,0,Bellary,1,1
33,28888.88889,Male,0,1,1,1,0,Bellary,0,1
35,-12500,Male,0,1,0,1,0,Bellary,0,1
38,-833.3333333,Male,0,1,0,0,1,Bellary,1,1
58,0,Male,0,1,0,0,1,Bellary,1,1
59,-2500,Male,0,1,0,0,1,Bellary,1,1
60,0,Male,0,0,0,1,0,Bellary,1,0
63,0,Male,0,1,0,1,0,Bellary,0,1
64,-5376.344086,Male,0,0,0,0,1,Bellary,1,0
65,50000,Male,0,0,0,1,0,Bellary,1,0
66,50000,Male,0,0,0,0,1,Bellary,1,0
67,60000,Male,0,0,0,1,0,Bellary,1,0
68,25000,Male,0,0,0,0,1,Bellary,1,0
69,26666.66667,Male,0,1,0,1,0,Bellary,1,1
72,13333.33333,Female,1,0,0,1,0,Bellary,1,0
75,50000,Male,0,1,0,0,1,Bellary,1,1
76,50000,Male,0,1,0,0,1,Bellary,1,1
77,40000,Male,0,1,0,0,1,Bellary,1,0
79,40000,Male,0,1,0,0,1,Bellary,1,0
80,60000,Male,0,1,0,0,1,Bellary,1,1
81,10000,Male,0,0,0,0,1,Bellary,1,0
82,50000,Male,0,1,0,0,1,Bellary,1,1
84,120000,Male,0,0,0,1,0,Bellary,1,1
86,-20000,Male,0,1,0,0,1,Bellary,1,0
88,50000,Male,0,1,1,0,1,Bellary,1,1
89,60000,Male,0,1,0,0,1,Bellary,1,0
92,20000,Male,0,0,0,1,0,Bellary,1,1
95,70000,Male,0,1,0,0,1,Bellary,1,1
96,40000,Male,0,0,0,1,0,Bellary,1,0
97,50000,Male,0,1,0,0,1,Bellary,1,0
98,60000,Female,1,0,0,0,1,Bellary,1,0
103,33333.33333,Female,1,0,0,1,0,Bellary,1,0
104,40000,Male,0,0,0,1,0,Bellary,1,0
106,36666.66667,Male,0,1,0,0,1,Bellary,1,1
107,30000,Male,0,1,0,0,1,Bellary,1,1
111,33333.33333,Male,0,0,0,1,0,Bellary,1,0
115,-40000,Male,0,1,0,0,1,Bellary,1,1
116,30000,Male,0,1,0,0,1,Bellary,1,1
120,45000,Male,0,1,0,1,0,Bellary,1,1
124,-20771.51335,Male,0,1,0,0,1,Bellary,0,1
126,21739.13043,Female,1,1,1,1,0,Bellary,1,1
128,-10000,Female,1,0,0,0,1,Bellary,1,1
132,27500,Male,0,1,0,1,0,Bellary,1,1
133,-7692.307692,Female,1,1,0,1,0,Bellary,1,0
135,13432.83582,Male,0,1,1,1,0,Bellary,1,1
136,72000,Male,0,1,0,1,0,Bellary,0,0
140,73333.33333,Male,0,1,0,0,1,Bellary,1,0
143,58823.52941,Male,0,0,0,0,1,Bellary,1,0
145,25000,Female,1,1,0,0,1,Bellary,1,0
149,50000,Male,0,0,0,0,1,Bellary,0,1
150,40000,Male,0,1,0,0,1,Bellary,0,1
153,80000,Male,0,0,0,0,1,Bellary,0,1
154,9090.909091,Male,0,0,0,0,1,Bellary,0,1
161,35000,Male,0,1,0,0,1,Bellary,1,0
165,-12000,Male,0,0,0,1,0,Bellary,1,0
169,-12500,Male,0,1,1,1,0,Bellary,1,1
174,40000,Female,1,0,0,0,1,Bellary,1,1
175,50000,Male,0,0,0,0,1,Bellary,0,0
181,66666.66667,Male,0,1,0,0,1,Bellary,1,0
183,7777.777778,Male,0,0,0,1,0,Bellary,0,1
184,10000,Male,0,1,0,0,1,Bellary,0,1
185,33333.33333,Male,0,0,0,0,1,Bellary,1,0
186,26666.66667,Male,0,0,0,1,0,Bellary,1,0
187,14285.71429,Male,0,0,0,0,1,Bellary,0,0
190,40000,Male,0,0,0,1,0,Bellary,1,1
192,-20000,Male,0,0,0,1,0,Bellary,1,1
193,25000,Male,0,0,0,1,0,Bellary,1,0
194,1.00E+05,Female,1,0,0,0,1,Bellary,1,0
199,10000,Female,1,0,0,0,1,Bellary,1,1
200,28000,Male,0,0,0,0,1,Bellary,1,1
201,60000,Male,0,0,0,0,1,Bellary,1,1
202,28000,Male,0,0,0,0,1,Bellary,1,0
205,50000,Male,0,0,0,0,1,Bellary,1,1
208,40000,Male,0,1,0,0,1,Bellary,1,0
209,50000,Male,0,0,0,1,0,Bellary,1,0
210,8571.428571,Male,0,0,0,0,1,Bellary,0,1
212,33333.33333,Male,0,1,0,0,1,Bellary,1,0
213,33333.33333,Male,0,1,0,1,0,Bellary,0,0
214,40000,Male,0,0,0,0,1,Bellary,1,0
215,25000,Male,0,0,0,1,0,Bellary,1,0
216,26666.66667,Male,0,0,0,1,0,Bellary,1,0
217,5000,Male,0,1,0,0,1,Bellary,1,1
218,1.00E+05,Male,0,0,0,1,0,Bellary,1,0
219,50000,Female,1,0,0,0,1,Bellary,1,0
220,25000,Male,0,0,0,1,0,Bellary,1,0
221,10000,Male,0,1,0,1,0,Bellary,1,0
223,40000,Male,0,0,0,1,0,Bellary,1,0
224,50000,Male,0,0,0,1,0,Bellary,1,0
226,70000,Male,0,0,0,0,1,Bellary,1,0
227,33333.33333,Female,1,1,0,0,1,Bellary,1,1
229,60000,Male,0,1,0,0,1,Bellary,1,0
233,50000,Female,1,1,0,1,0,Bellary,1,0
234,32500,Female,1,0,0,0,1,Bellary,1,0
235,25000,Male,0,1,0,1,0,Bellary,0,0
236,25000,Male,0,1,0,0,1,Bellary,1,0
238,33333.33333,Female,1,0,0,0,1,Bellary,1,0
239,150000,Female,1,0,0,0,1,Bellary,1,0
240,30000,Male,0,0,0,0,1,Bellary,1,0
241,50000,Male,0,0,0,1,0,Bellary,1,1
242,50000,Female,1,1,0,0,1,Bellary,0,1
243,16000,Male,0,1,0,1,0,Bellary,1,0
244,20000,Male,0,0,0,1,0,Bellary,1,0
245,60000,Male,0,0,0,0,1,Bellary,1,1
248,25000,Male,0,0,0,0,1,Bellary,1,1
252,4000,Female,1,1,0,0,1,Bellary,0,1
259,1.00E+05,Female,1,0,0,0,1,Bellary,1,0
261,17500,Male,0,0,0,0,1,Bellary,1,1
262,11818.18182,Male,0,0,0,0,1,Bellary,0,1
263,5000,Male,0,0,0,0,1,Bellary,1,1
264,15000,Male,0,0,0,0,1,Bellary,1,1
266,10769.23077,Male,0,0,0,0,1,Bellary,0,1
270,16000,Male,0,0,0,0,1,Bellary,0,1
278,24444.44444,Male,0,0,0,0,1,Bellary,0,0
283,30000,Male,0,0,0,0,1,Bellary,1,0
291,-16666.66667,Male,0,1,0,0,1,Bellary,1,1
292,14285.71429,Male,0,1,0,0,1,Bellary,1,1
293,-6172.839506,Male,0,1,0,0,1,Bellary,1,1
294,-50000,Male,0,1,0,0,1,Bellary,1,1
298,-15625,Male,0,1,0,0,1,Bellary,1,0
301,33591.73127,Male,0,1,0,0,1,Bellary,1,1
302,48000,Male,0,1,0,0,1,Bellary,1,0
307,25000,Female,1,0,0,0,1,Bellary,0,1
308,15000,Male,0,0,0,0,1,Bellary,0,1
309,20000,Male,0,1,0,0,1,Bellary,0,1
310,41428.57143,Male,0,1,0,0,1,Bellary,0,0
311,10000,Male,0,1,0,0,1,Bellary,0,1
313,3717.472119,Male,0,1,0,0,1,Bellary,0,1
314,27014.28571,Male,0,0,0,0,1,Bellary,1,1
316,10000,Male,0,1,0,0,1,Bellary,0,1
319,15000,Male,0,0,0,0,1,Bellary,0,1
322,8510.638298,Male,0,1,0,0,1,Bellary,0,1
323,6250,Male,0,0,0,0,1,Bellary,1,1
324,14516.12903,Male,0,0,0,0,1,Bellary,1,1
325,17500,Male,0,0,0,0,1,Bellary,1,0
326,4615.384615,Female,1,1,0,0,1,Bellary,0,1
327,18437.5,Male,0,1,0,0,1,Bellary,0,1
328,80000,Male,0,0,0,0,1,Bellary,0,1
331,7272.727273,Male,0,1,0,0,1,Bellary,0,1
332,66666.66667,Male,0,0,0,0,1,Bellary,0,1
333,23076.92308,Male,0,0,0,0,1,Bellary,0,1
334,23750,Male,0,0,0,0,1,Bellary,1,1
336,42500,Male,0,1,0,0,1,Bellary,1,1
337,16666.66667,Female,1,0,0,0,1,Bellary,0,1
340,-12500,Male,0,1,0,0,1,Bellary,1,1
344,43478.26087,Male,0,1,0,0,1,Bellary,1,0
345,8695.652174,Male,0,1,0,0,1,Bellary,1,0
346,103174.6032,Male,0,1,0,0,1,Bellary,1,0
351,18333.33333,Male,0,1,0,0,1,Bellary,1,1
352,28000,Male,0,0,0,0,1,Bellary,1,1
353,30000,Male,0,1,0,0,1,Bellary,0,1
354,21666.66667,Male,0,0,0,0,1,Bellary,0,1
356,66666.66667,Male,0,0,0,0,1,Bellary,1,1
357,5000,Male,0,0,0,0,1,Bellary,0,1
359,12727.27273,Male,0,0,0,0,1,Bellary,0,1
361,22000,Male,0,1,0,0,1,Bellary,1,1
363,30000,Female,1,0,0,0,1,Bellary,0,1
364,8571.428571,Male,0,0,0,0,1,Bellary,1,1
365,25000,Male,0,0,0,0,1,Bellary,1,1
371,12500,Male,0,1,0,1,0,Bellary,1,0
373,-8333.333333,Male,0,1,0,1,0,Bellary,1,1
378,47500,Male,0,1,0,1,0,Bellary,1,0
379,11666.66667,Female,1,0,0,0,1,Bellary,1,0
384,-13709.67742,Male,0,1,1,1,0,Bellary,0,0
390,8333.333333,Male,0,1,0,0,1,Bellary,1,1
391,18181.81818,Male,0,0,0,0,1,Bellary,0,0
393,-12195.12195,Male,0,0,0,0,1,Bellary,1,1
396,-11111.11111,Male,0,1,0,0,1,Bellary,1,1
397,8333.333333,Male,0,0,0,0,1,Bellary,1,1
399,0,Male,0,1,0,0,1,Bellary,1,1
400,25000,Male,0,1,0,0,1,Bellary,1,1
401,0,Male,0,1,0,0,1,Bellary,1,1
405,-6250,Male,0,1,0,0,1,Bellary,1,1
406,14285.71429,Male,0,0,0,1,0,Bellary,1,1
407,-10000,Male,0,0,0,1,0,Bellary,1,0
410,21774.19355,Male,0,1,1,1,0,Bellary,1,1
411,30000,Male,0,1,1,1,0,Bellary,1,1
415,15000,Female,1,1,1,1,0,Bellary,1,1
417,22448.97959,Female,1,1,1,1,0,Bellary,1,1
422,25000,Male,0,1,0,0,1,Bellary,1,0
424,0,Male,0,1,0,0,1,Bellary,1,1
426,-8333.333333,Male,0,1,0,0,1,Bellary,1,1
427,50000,Male,0,1,0,0,1,Bellary,1,1
437,0,Male,0,1,0,0,1,Bellary,1,1
438,0,Male,0,1,0,0,1,Bellary,1,1
439,25000,Male,0,1,0,0,1,Bellary,1,1
440,2500,Male,0,1,0,0,1,Bellary,1,1
441,25000,Male,0,1,0,0,1,Bellary,1,1
442,50000,Male,0,0,0,0,1,Bellary,1,0
445,13986.01399,Male,0,1,0,0,1,Bellary,1,1
447,-12500,Male,0,1,0,0,1,Bellary,1,1
450,-12500,Male,0,1,0,0,1,Bellary,1,1
451,12500,Male,0,1,0,0,1,Bellary,1,1
455,10000,Male,0,1,0,0,1,Bellary,1,1
456,50000,Male,0,1,0,1,0,Bellary,1,0
457,14285.71429,Male,0,1,0,1,0,Bellary,1,0
458,20000,Male,0,0,0,1,0,Bellary,1,0
459,36250,Male,0,0,0,1,0,Bellary,1,0
460,6000,Male,0,1,0,1,0,Bellary,1,1
461,2777.777778,Male,0,0,0,1,0,Bellary,1,0
464,1.00E+05,Male,0,1,0,1,0,Bellary,1,0
469,8333.333333,Male,0,1,0,1,0,Bellary,1,1
472,-10365.85366,Male,0,1,0,0,1,Bellary,1,1
473,-6172.839506,Male,0,1,0,0,1,Bellary,1,1
474,4166.666667,Male,0,1,0,0,1,Bellary,0,1
477,-15625,Male,0,1,0,1,0,Bellary,0,0
478,-19450.80092,Male,0,1,0,1,0,Bellary,0,0
479,-17000,Male,0,1,0,1,0,Bellary,1,0
481,16666.66667,Male,0,0,0,0,1,Bellary,1,1
482,22500,Female,1,0,0,0,1,Bellary,0,1
484,31428.57143,Female,1,0,0,0,1,Bellary,0,1
486,20000,Male,0,0,0,0,1,Bellary,1,1
488,1.00E+05,Female,1,0,0,0,1,Bellary,0,1
492,64516.12903,Male,0,1,0,1,0,Bellary,1,0
494,51666.66667,Male,0,1,0,1,0,Bellary,0,0
498,14000,Male,0,0,0,0,1,Bellary,0,1
499,10000,Male,0,0,0,0,1,Bellary,0,1
500,10000,Male,0,0,0,0,1,Bellary,0,1
501,16666.66667,Male,0,0,0,0,1,Bellary,1,1
502,73333.33333,Female,1,0,0,0,1,Bellary,1,1
503,107500,Male,0,0,0,0,1,Bellary,0,1
504,20000,Female,1,0,0,0,1,Bellary,1,0
507,60000,Male,0,0,0,1,0,Bellary,1,1
508,80000,Male,0,0,0,0,1,Bellary,1,1
510,60000,Male,0,0,0,0,1,Bellary,0,1
511,120000,Male,0,0,0,0,1,Bellary,0,1
512,73333.33333,Female,1,0,0,0,1,Bellary,0,1
513,48500,Male,0,0,0,0,1,Bellary,0,1
515,17500,Male,0,0,0,1,0,Bellary,0,1
517,83333.33333,Female,1,0,0,0,1,Bellary,0,1
518,31666.66667,Female,1,0,0,0,1,Bellary,0,1
523,41666.66667,Male,0,0,0,0,1,Bellary,0,1
525,75000,Male,0,0,0,0,1,Bellary,1,1
526,14000,Male,0,0,0,1,0,Bellary,0,1
527,10000,Male,0,0,0,1,0,Bellary,0,1
529,18750,Male,0,1,0,1,0,Bellary,1,0
533,5000,Male,0,0,0,1,0,Bellary,0,1
534,25000,Male,0,1,0,1,0,Bellary,1,1
535,-5833.333333,Male,0,1,0,0,1,Bellary,1,1
537,133333.3333,Male,0,0,0,1,0,Bellary,1,0
538,-25000,Male,0,1,0,1,0,Bellary,1,1
539,25000,Male,0,0,0,0,1,Bellary,1,1
540,26666.66667,Female,1,1,0,1,0,Bellary,1,0
542,33333.33333,Male,0,1,0,1,0,Bellary,1,0
543,15066.66667,Male,0,1,0,1,0,Bellary,1,1
544,18181.81818,Male,0,0,1,1,0,Bellary,1,0
547,50000,Male,0,0,0,1,0,Bellary,1,1
556,20000,Male,0,1,0,1,0,Bellary,1,0
558,25000,Female,1,1,1,1,0,Bellary,1,1
559,31428.57143,Male,0,1,1,1,0,Bellary,1,1
560,21538.46154,Male,0,1,0,1,0,Bellary,1,1
561,31250,Male,0,1,0,1,0,Bellary,1,0
562,30000,Male,0,1,0,1,0,Bellary,1,0
563,33333.33333,Female,1,1,1,1,0,Bellary,1,0
564,52222.22222,Male,0,1,1,1,0,Bellary,1,1
565,28571.42857,Male,0,1,1,1,0,Bellary,1,1
567,31250,Male,0,1,1,1,0,Bellary,1,1
572,22500,Female,1,1,1,1,0,Bellary,1,0
573,21818.18182,Male,0,1,1,1,0,Bellary,0,1
574,21818.18182,Male,0,1,0,1,0,Bellary,0,1
575,27272.72727,Male,0,1,1,1,0,Bellary,1,1
576,28750,Male,0,1,0,1,0,Bellary,1,1
577,37142.85714,Male,0,1,1,1,0,Bellary,1,1
581,19565.21739,Male,0,1,0,1,0,Bellary,1,1
582,47500,Male,0,1,1,0,1,Bellary,1,0
587,27380.95238,Male,0,1,0,1,0,Bellary,0,1
593,37777.77778,Male,0,1,0,1,0,Bellary,1,1
594,17000,Male,0,0,0,1,0,Bellary,1,0
598,40909.09091,Male,0,1,0,1,0,Bellary,1,1
600,21818.18182,Male,0,1,1,1,0,Bellary,1,1
603,27906.97674,Male,0,1,1,1,0,Bellary,1,1
607,31818.18182,Male,0,1,1,1,0,Bellary,1,1
608,-34722.22222,Male,0,1,1,1,0,Bellary,1,1
613,24867.72487,Male,0,1,0,1,0,Bellary,1,1
614,20000,Male,0,0,0,1,0,Bellary,0,1
615,20338.98305,Male,0,1,0,1,0,Bellary,1,1
616,133333.3333,Male,0,0,0,0,1,Chikballapur,1,1
617,34000,Male,0,0,0,0,1,Chikballapur,1,1
620,43478.26087,Male,0,0,0,0,1,Chikballapur,0,1
623,8333.333333,Male,0,0,0,0,1,Chikballapur,1,1
627,78695.65217,Male,0,0,0,0,1,Chikballapur,1,1
628,139705.8824,Male,0,0,0,0,1,Chikballapur,1,1
629,41666.66667,Male,0,0,0,1,0,Chikballapur,1,1
634,24545.45455,Male,0,0,0,0,1,Chikballapur,1,1
635,33854.16667,Male,0,0,0,0,1,Chikballapur,1,1
639,44166.66667,Male,0,0,0,0,1,Chikballapur,1,1
640,50000,Male,0,0,0,0,1,Chikballapur,0,1
642,16540.75547,Male,0,0,0,0,1,Chikballapur,1,0
645,67500,Male,0,0,0,0,1,Chikballapur,1,1
646,12000,Male,0,0,0,0,1,Chikballapur,1,1
660,117000,Male,0,0,0,0,1,Chikballapur,1,1
661,14705.88235,Male,0,0,1,0,1,Chikballapur,1,1
662,73130.84112,Male,0,0,0,0,1,Chikballapur,1,1
663,95000,Male,0,0,0,0,1,Chikballapur,1,1
664,20000,Male,0,0,0,0,1,Chikballapur,1,1
665,11090.90909,Male,0,0,0,0,1,Chikballapur,0,1
667,63833.33333,Male,0,0,0,0,1,Chikballapur,1,1
668,63058.82353,Male,0,0,0,0,1,Chikballapur,1,1
669,16400,Male,0,0,0,0,1,Chikballapur,1,1
671,-49666.66667,Male,0,0,0,0,1,Chikballapur,1,1
672,50909.09091,Male,0,1,0,0,1,Chikballapur,1,1
673,69230.76923,Male,0,1,0,0,1,Chikballapur,1,1
674,85600,Male,0,0,0,0,1,Chikballapur,0,1
675,1.00E+05,Male,0,0,0,0,1,Chikballapur,0,1
676,20000,Male,0,0,0,0,1,Chikballapur,1,1
678,40000,Male,0,0,1,1,0,Chikballapur,1,1
684,84158.41584,Male,0,0,0,0,1,Chikballapur,1,1
688,81102.3622,Male,0,0,0,0,1,Chikballapur,0,1
691,115384.6154,Male,0,0,0,0,1,Chikballapur,1,1
696,55000,Male,0,0,0,0,1,Chikballapur,0,1
699,41500,Male,0,0,0,0,1,Chikballapur,0,1
700,40000,Male,0,0,0,0,1,Chikballapur,1,1
703,150000,Male,0,0,0,0,1,Chikballapur,0,1
707,145000,Male,0,0,0,0,1,Chikballapur,0,1
709,75000,Male,0,1,0,0,1,Chikballapur,0,1
715,90909.09091,Male,0,0,0,0,1,Chikballapur,1,0
719,13043.47826,Male,0,1,0,0,1,Chikballapur,1,0
731,75000,Male,0,0,0,0,1,Chikballapur,1,1
733,119047.619,Male,0,0,0,0,1,Chikballapur,0,1
744,59090.90909,Male,0,0,0,0,1,Chikballapur,0,1
747,86666.66667,Male,0,0,0,0,1,Chikballapur,0,1
753,1.00E+05,Male,0,0,0,0,1,Chikballapur,1,1
754,31250,Male,0,0,0,0,1,Chikballapur,1,0
756,98800,Female,1,0,0,0,1,Chikballapur,1,1
757,79454.54545,Male,0,0,0,0,1,Chikballapur,1,1
759,50000,Male,0,0,0,0,1,Chikballapur,1,0
761,16279.06977,Male,0,0,0,0,1,Chikballapur,1,0
762,83333.33333,Male,0,0,0,0,1,Chikballapur,1,0
764,99200,Male,0,0,0,0,1,Chikballapur,0,1
766,23529.41176,Female,1,0,0,0,1,Chikballapur,0,1
768,50000,Male,0,0,0,0,1,Chikballapur,1,0
771,10000,Male,0,0,0,0,1,Chikballapur,1,1
772,4347.826087,Male,0,0,0,0,1,Chikballapur,1,1
773,50000,Male,0,0,0,0,1,Chikballapur,1,0
774,87500,Male,0,0,0,0,1,Chikballapur,1,0
775,68181.81818,Male,0,0,0,0,1,Chikballapur,1,1
776,19047.61905,Male,0,0,0,0,1,Chikballapur,1,1
779,104545.4545,Male,0,0,0,0,1,Chikballapur,0,0
782,50000,Male,0,0,0,0,1,Chikballapur,1,0
792,23255.81395,Male,0,0,0,1,0,Chikballapur,1,1
793,20930.23256,Male,0,0,0,0,1,Chikballapur,1,1
797,30303.0303,Male,0,0,0,0,1,Chikballapur,0,1
798,42173.91304,Male,0,1,0,0,1,Chikballapur,0,1
800,24193.54839,Male,0,0,0,0,1,Chikballapur,1,1
801,27906.97674,Male,0,0,1,0,1,Chikballapur,1,1
802,5714.285714,Male,0,0,0,0,1,Chikballapur,1,1
805,30232.55814,Male,0,0,0,0,1,Chikballapur,1,0
808,61674.00881,Male,0,0,0,0,1,Chikballapur,1,1
812,147058.8235,Male,0,0,0,0,1,Chikballapur,1,1
814,62500,Male,0,0,0,0,1,Chikballapur,1,1
815,45454.54545,Male,0,0,0,0,1,Chikballapur,0,1
816,45454.54545,Male,0,0,0,0,1,Chikballapur,1,1
817,38461.53846,Male,0,0,0,0,1,Chikballapur,1,0
820,35652.17391,Male,0,0,0,0,1,Chikballapur,1,1
823,75000,Male,0,0,0,0,1,Chikballapur,1,0
824,-15000,Male,0,0,0,0,1,Chikballapur,1,0
826,79166.66667,Male,0,0,0,0,1,Chikballapur,1,1
829,54266.66667,Male,0,0,0,0,1,Chikballapur,1,1
831,35000,Male,0,0,0,0,1,Chikballapur,0,0
832,50000,Male,0,0,0,0,1,Chikballapur,1,0
833,5000,Male,0,0,0,0,1,Chikballapur,1,1
834,38461.53846,Male,0,0,0,0,1,Chikballapur,1,1
836,50000,Male,0,0,0,0,1,Chikballapur,1,1
839,25000,Male,0,1,0,0,1,Chikballapur,1,0
840,45454.54545,Male,0,1,0,0,1,Chikballapur,1,0
843,25000,Male,0,0,0,0,1,Chikballapur,1,0
844,35000,Male,0,0,0,0,1,Chikballapur,0,0
845,10000,Male,0,0,0,0,1,Chikballapur,1,0
846,10000,Male,0,0,0,0,1,Chikballapur,1,0
848,83333.33333,Male,0,0,0,0,1,Chikballapur,1,0
849,1250,Male,0,1,0,0,1,Chikballapur,1,1
850,8012.820513,Male,0,0,1,0,1,Chikballapur,1,1
851,14285.71429,Male,0,0,0,0,1,Chikballapur,1,1
855,3809.52381,Male,0,0,0,0,1,Chikballapur,0,1
856,25000,Male,0,1,0,0,1,Chikballapur,1,0
859,40322.58065,Male,0,0,0,0,1,Chikballapur,0,1
861,55299.53917,Male,0,1,0,0,1,Chikballapur,1,1
862,37500,Male,0,0,0,0,1,Chikballapur,1,1
863,37500,Male,0,1,0,0,1,Chikballapur,1,0
865,3225.806452,Male,0,1,1,0,1,Chikballapur,1,0
867,30000,Male,0,0,0,0,1,Chikballapur,1,1
872,25000,Male,0,1,0,0,1,Chikballapur,1,0
873,5263.157895,Male,0,0,1,0,1,Chikballapur,0,0
874,0,Male,0,0,0,0,1,Chikballapur,1,0
876,32258.06452,Male,0,0,1,0,1,Chikballapur,0,1
877,5555.555556,Male,0,0,0,0,1,Chikballapur,1,1
883,40000,Male,0,0,0,0,1,Chikballapur,1,0
885,66666.66667,Male,0,0,0,0,1,Chikballapur,1,0
887,10000,Male,0,0,0,0,1,Chikballapur,1,0
888,25000,Male,0,1,0,0,1,Chikballapur,1,0
889,116666.6667,Male,0,1,0,0,1,Chikballapur,1,0
907,50000,Male,0,0,0,0,1,Chikballapur,0,1
910,1.00E+05,Male,0,1,0,0,1,Chikballapur,1,1
913,136363.6364,Male,0,0,0,0,1,Chikballapur,1,1
914,66666.66667,Male,0,1,0,0,1,Chikballapur,1,1
916,90909.09091,Male,0,0,0,0,1,Chikballapur,1,1
917,75000,Male,0,0,0,0,1,Chikballapur,1,1
918,150000,Male,0,0,0,0,1,Chikballapur,1,1
920,45454.54545,Female,1,0,0,0,1,Chikballapur,1,1
924,0,Male,0,1,0,0,1,Chikballapur,1,1
925,22222.22222,Male,0,0,0,0,1,Chikballapur,1,1
927,83333.33333,Male,0,0,0,0,1,Chikballapur,1,1
928,86956.52174,Male,0,0,0,0,1,Chikballapur,1,1
929,20000,Male,0,0,0,0,1,Chikballapur,1,1
930,153846.1538,Male,0,0,0,0,1,Chikballapur,1,0
935,31250,Male,0,0,0,0,1,Chikballapur,0,1
937,66666.66667,Male,0,0,0,0,1,Chikballapur,1,1
942,26000,Female,1,1,0,0,1,Chikballapur,0,1
943,35000,Male,0,0,0,0,1,Chikballapur,1,1
946,83333.33333,Male,0,0,0,0,1,Chikballapur,1,1
952,-24600,Male,0,0,0,0,1,Chikballapur,1,0
953,40000,Male,0,0,0,0,1,Chikballapur,1,1
955,90909.09091,Male,0,0,0,0,1,Chikballapur,1,1
958,-79646.0177,Male,0,0,0,0,1,Chikballapur,1,1
959,28571.42857,Male,0,0,0,0,1,Chikballapur,1,1
963,150000,Male,0,0,0,0,1,Chikballapur,1,1
966,75000,Male,0,0,0,0,1,Chikballapur,1,1
967,25000,Male,0,0,0,0,1,Chikballapur,1,1
971,-57666.66667,Male,0,0,0,0,1,Chikballapur,1,1
972,-6666.666667,Male,0,1,0,0,1,Chikballapur,1,1
975,133333.3333,Female,1,0,0,0,1,Chikballapur,1,1
976,90909.09091,Male,0,0,0,0,1,Chikballapur,1,1
977,40000,Male,0,0,0,0,1,Chikballapur,0,1
979,32051.28205,Male,0,1,0,0,1,Chikballapur,1,1
980,48000,Male,0,1,0,0,1,Chikballapur,1,1
991,14285.71429,Male,0,1,0,0,1,Chikballapur,0,1
993,12903.22581,Male,0,0,0,0,1,Chikballapur,0,1
995,24390.2439,Male,0,0,0,0,1,Chikballapur,0,0
997,25000,Male,0,1,0,0,1,Chikballapur,0,1
998,80000,Male,0,0,0,0,1,Chikballapur,0,1
999,16666.66667,Male,0,0,0,0,1,Chikballapur,1,1
1001,41666.66667,Male,0,0,0,0,1,Chikballapur,1,1
1003,11111.11111,Male,0,0,0,0,1,Chikballapur,1,1
1005,16666.66667,Male,0,1,0,0,1,Chikballapur,1,1
1007,50000,Male,0,0,0,0,1,Chikballapur,1,1
1012,60000,Male,0,1,0,0,1,Chikballapur,1,1
1015,16666.66667,Male,0,1,0,0,1,Chikballapur,1,1
1016,15384.61538,Male,0,0,0,0,1,Chikballapur,1,0
1017,61538.46154,Male,0,0,0,0,1,Chikballapur,1,1
1018,57142.85714,Male,0,0,0,0,1,Chikballapur,1,0
1019,18000,Male,0,0,0,0,1,Chikballapur,1,1
1020,16666.66667,Male,0,0,0,0,1,Chikballapur,1,1
1021,50000,Male,0,0,0,0,1,Chikballapur,1,1
1022,8333.333333,Male,0,0,0,0,1,Chikballapur,1,1
1027,-41666.66667,Male,0,0,0,0,1,Chikballapur,1,1
1036,1.00E+05,Male,0,0,0,0,1,Chikballapur,1,1
1037,-45454.54545,Male,0,0,0,0,1,Chikballapur,1,1
1041,45454.54545,Male,0,0,0,0,1,Chikballapur,1,0
1042,8333.333333,Male,0,0,0,0,1,Chikballapur,1,1
1043,0,Male,0,1,0,0,1,Chikballapur,1,1
1046,75000,Male,0,0,0,0,1,Chikballapur,1,1
1047,20000,Male,0,1,0,0,1,Chikballapur,1,1
1048,95238.09524,Male,0,0,0,0,1,Chikballapur,1,1
1049,1.00E+05,Male,0,0,0,0,1,Chikballapur,1,1
1050,-59333.33333,Male,0,0,0,0,1,Chikballapur,1,1
1052,8333.333333,Male,0,0,0,0,1,Chikballapur,1,1
1053,-2500,Male,0,0,0,0,1,Chikballapur,1,1
1054,-33333.33333,Male,0,1,0,0,1,Chikballapur,1,1
1055,1.00E+05,Male,0,0,0,0,1,Chikballapur,1,1
1061,40000,Male,0,0,0,0,1,Chikballapur,0,1
1064,20000,Male,0,0,0,0,1,Chikballapur,0,1
1065,83333.33333,Male,0,0,0,0,1,Chikballapur,1,0
1067,75000,Male,0,1,0,0,1,Chikballapur,0,1
1069,16666.66667,Male,0,0,0,0,1,Chikballapur,1,1
1070,-9615.384615,Male,0,1,0,0,1,Chikballapur,0,1
1071,12500,Male,0,0,0,0,1,Chikballapur,0,1
1072,15000,Male,0,0,0,0,1,Chikballapur,1,1
1073,71428.57143,Male,0,1,0,0,1,Chikballapur,1,1
1076,0,Female,1,1,0,0,1,Chikballapur,1,1
1077,60000,Male,0,0,0,0,1,Chikballapur,1,1
1078,108333.3333,Male,0,0,0,0,1,Chikballapur,1,1
1080,0,Male,0,0,0,0,1,Chikballapur,1,1
1082,20000,Male,0,0,0,0,1,Chikballapur,1,1
1084,50000,Male,0,0,0,0,1,Chikballapur,1,1
1087,40000,Male,0,0,0,0,1,Chikballapur,1,1
1089,83333.33333,Male,0,0,0,0,1,Chikballapur,1,1
1095,20000,Male,0,0,0,0,1,Chikballapur,0,1
1097,3278.688525,Male,0,0,0,0,1,Chikballapur,1,1
1098,83333.33333,Male,0,1,0,0,1,Chikballapur,1,1
1099,16666.66667,Male,0,0,0,0,1,Chikballapur,0,1
1100,66666.66667,Male,0,0,0,0,1,Chikballapur,1,1
1101,31250,Male,0,0,0,0,1,Chikballapur,1,1
1104,97087.37864,Male,0,0,0,0,1,Chikballapur,1,1
1107,30000,Female,1,0,0,0,1,Chikballapur,1,1
1108,38000,Male,0,1,0,0,1,Chikballapur,1,1
1109,150000,Male,0,0,0,0,1,Chikballapur,1,1
1110,93750,Male,0,1,0,0,1,Chikballapur,1,1
1113,150000,Male,0,0,0,0,1,Chikballapur,1,1
1114,40000,Male,0,0,0,0,1,Chikballapur,1,1
1115,0,Male,0,0,0,0,1,Chikballapur,1,1
1116,93750,Male,0,0,0,0,1,Chikballapur,0,1
1117,42857.14286,Male,0,0,0,0,1,Chikballapur,1,1
1120,5000,Male,0,0,0,0,1,Chikballapur,1,0
1121,12500,Male,0,0,0,0,1,Chikballapur,1,1
1123,40000,Male,0,0,0,0,1,Chikballapur,1,1
1129,12500,Male,0,1,0,0,1,Chikballapur,1,1
1131,10000,Male,0,1,0,0,1,Chikballapur,0,1
1132,40909.09091,Male,0,0,0,0,1,Chikballapur,1,1
1133,2500,Male,0,0,0,0,1,Chikballapur,1,1
1134,-16666.66667,Male,0,0,0,0,1,Chikballapur,1,1
1136,70000,Male,0,0,0,0,1,Chikballapur,1,1
1137,60096.15385,Male,0,0,0,0,1,Chikballapur,1,1
1138,-4166.666667,Male,0,0,0,0,1,Chikballapur,1,1
1141,75000,Male,0,0,0,0,1,Chikballapur,1,0
1143,1.00E+05,Male,0,0,0,0,1,Chikballapur,1,1
1144,31250,Male,0,1,0,0,1,Chikballapur,1,1
1145,20000,Male,0,0,0,0,1,Chikballapur,1,1
1148,90909.09091,Male,0,1,0,0,1,Chikballapur,1,1
1152,25000,Male,0,0,0,0,1,Chikballapur,0,1
1154,40000,Male,0,1,0,0,1,Chikballapur,1,1
1155,40000,Male,0,0,0,0,1,Chikballapur,1,1
1163,32573.2899,Male,0,0,0,1,0,Tumakuru,0,1
1165,1.00E+05,Male,0,0,0,1,0,Tumakuru,1,0
1170,45731.70732,Male,0,1,0,1,0,Tumakuru,0,1
1173,0,Male,0,0,0,1,0,Tumakuru,0,1
1175,5000,Male,0,0,0,0,1,Tumakuru,0,1
1177,17857.14286,Male,0,1,0,1,0,Tumakuru,1,1
1183,6250,Male,0,0,0,0,1,Tumakuru,1,1
1184,25000,Male,0,0,0,1,0,Tumakuru,0,0
1185,1000,Female,1,0,0,1,0,Tumakuru,1,0
1186,16666.66667,Male,0,0,0,1,0,Tumakuru,0,0
1187,2500,Male,0,0,0,1,0,Tumakuru,1,0
1188,5000,Male,0,0,0,0,1,Tumakuru,1,0
1189,6000,Male,0,0,0,1,0,Tumakuru,0,0
1190,5000,Male,0,0,0,0,1,Tumakuru,1,0
1191,10000,Male,0,0,0,0,1,Tumakuru,1,0
1192,0,Female,1,0,0,1,0,Tumakuru,0,1
1195,20000,Male,0,0,0,1,0,Tumakuru,1,1
1198,41666.66667,Male,0,0,0,0,1,Tumakuru,0,0
1199,41666.66667,Female,1,0,1,0,1,Tumakuru,0,1
1200,8426.966292,Male,0,1,1,0,1,Tumakuru,0,1
1201,9090.909091,Male,0,1,1,0,1,Tumakuru,0,1
1202,5000,Male,0,0,0,0,1,Tumakuru,1,1
1206,4000,Male,0,0,0,1,0,Tumakuru,0,0
1207,20000,Male,0,0,0,1,0,Tumakuru,0,1
1209,18181.81818,Male,0,0,0,0,1,Tumakuru,0,1
1215,3333.333333,Female,1,0,1,0,1,Tumakuru,0,1
1217,3636.363636,Male,0,0,1,0,1,Tumakuru,0,0
1219,23364.48598,Male,0,0,0,1,0,Tumakuru,1,1
1220,6887.052342,Male,0,1,0,1,0,Tumakuru,0,1
1222,8888.888889,Male,0,1,1,1,0,Tumakuru,0,1
1223,-3571.428571,Male,0,0,0,0,1,Tumakuru,0,0
1224,34825.87065,Female,1,0,1,1,0,Tumakuru,0,1
1226,7142.857143,Male,0,0,0,0,1,Tumakuru,0,0
1227,45714.28571,Male,0,0,1,0,1,Tumakuru,0,1
1229,11363.63636,Male,0,0,0,0,1,Tumakuru,0,1
1231,55000,Male,0,0,0,0,1,Tumakuru,1,0
1232,4000,Male,0,0,0,0,1,Tumakuru,0,0
1234,10000,Male,0,0,0,0,1,Tumakuru,0,1
1235,11904.7619,Male,0,1,0,0,1,Tumakuru,0,1
1236,9302.325581,Male,0,0,1,0,1,Tumakuru,0,1
1237,3125,Male,0,0,1,0,1,Tumakuru,0,1
1240,7662.835249,Male,0,0,1,0,1,Tumakuru,0,1
1241,2500,Male,0,0,1,0,1,Tumakuru,0,1
1244,4687.5,Male,0,0,1,0,1,Tumakuru,0,0
1245,4285.714286,Male,0,0,0,0,1,Tumakuru,1,1
1246,-25000,Male,0,0,0,0,1,Tumakuru,1,1
1247,6818.181818,Male,0,0,0,0,1,Tumakuru,1,1
1249,4716.981132,Male,0,1,0,0,1,Tumakuru,1,1
1252,-43478.26087,Male,0,0,0,1,0,Tumakuru,1,0
1253,12500,Male,0,0,0,1,0,Tumakuru,1,0
1256,1886.792453,Male,0,0,0,1,0,Tumakuru,0,0
1258,-30000,Male,0,0,0,1,0,Tumakuru,0,0
1261,31818.18182,Male,0,0,0,0,1,Tumakuru,0,1
1262,10000,Male,0,0,0,1,0,Tumakuru,0,0
1268,45454.54545,Male,0,0,0,0,1,Tumakuru,0,1
1272,18181.81818,Male,0,0,0,0,1,Tumakuru,0,0
1273,9375,Male,0,0,0,0,1,Tumakuru,0,0
1276,5000,Male,0,0,0,0,1,Tumakuru,0,0
1277,36496.35036,Male,0,0,0,1,0,Tumakuru,0,1
1278,21645.02165,Female,1,0,0,1,0,Tumakuru,0,0
1279,10000,Female,1,1,0,1,0,Tumakuru,0,0
1280,11627.90698,Female,1,0,0,1,0,Tumakuru,0,0
1282,45454.54545,Male,0,0,0,1,0,Tumakuru,0,0
1283,16129.03226,Male,0,0,0,1,0,Tumakuru,0,0
1284,11904.7619,Female,1,0,0,1,0,Tumakuru,0,0
1285,16129.03226,Male,0,0,0,1,0,Tumakuru,0,0
1287,6666.666667,Male,0,0,0,1,0,Tumakuru,0,0
1289,10000,Male,0,0,0,1,0,Tumakuru,0,0
1290,39682.53968,Male,0,0,0,1,0,Tumakuru,0,0
1293,15151.51515,Male,0,0,0,1,0,Tumakuru,0,0
1295,50000,Male,0,0,0,1,0,Tumakuru,0,0
1300,6250,Male,0,1,0,1,0,Tumakuru,1,0
1304,16666.66667,Male,0,0,0,1,0,Tumakuru,0,0
1306,22727.27273,Male,0,0,1,1,0,Tumakuru,0,1
1307,9416.195857,Male,0,0,0,1,0,Tumakuru,0,0
1310,12500,Male,0,0,0,0,1,Tumakuru,0,0
1311,8333.333333,Male,0,1,0,1,0,Tumakuru,0,0
1312,38461.53846,Male,0,0,0,1,0,Tumakuru,0,1
1313,15000,Male,0,1,0,0,1,Tumakuru,1,1
1314,16129.03226,Male,0,1,0,0,1,Tumakuru,1,1
1315,6000,Male,0,1,0,1,0,Tumakuru,1,0
1316,9803.921569,Male,0,1,0,1,0,Tumakuru,0,0
1317,6451.612903,Female,1,0,0,1,0,Tumakuru,0,0
1323,9118.541033,Male,0,0,0,1,0,Tumakuru,0,1
1329,4178.272981,Male,0,0,0,1,0,Tumakuru,0,0
1330,12500,Male,0,0,0,1,0,Tumakuru,0,1
1331,7849.293564,Male,0,0,1,1,0,Tumakuru,0,1
1333,41666.66667,Male,0,0,0,1,0,Tumakuru,0,0
1337,33333.33333,Male,0,1,0,1,0,Tumakuru,0,0
1338,22727.27273,Male,0,0,0,1,0,Tumakuru,0,0
1340,-11904.7619,Male,0,0,0,1,0,Tumakuru,0,0
1344,41666.66667,Male,0,0,0,1,0,Tumakuru,0,0
1345,10869.56522,Male,0,0,0,1,0,Tumakuru,0,0
1347,6250,Male,0,0,0,0,1,Tumakuru,0,1
1348,22727.27273,Male,0,1,0,1,0,Tumakuru,0,0
1349,15625,Male,0,0,0,1,0,Tumakuru,0,1
1352,6666.666667,Male,0,0,0,1,0,Tumakuru,1,1
1356,14285.71429,Female,1,0,0,1,0,Tumakuru,0,1
1357,50000,Male,0,0,0,1,0,Tumakuru,0,0
1360,18181.81818,Male,0,0,1,1,0,Tumakuru,0,1
1362,6993.006993,Male,0,0,0,1,0,Tumakuru,0,0
1364,4878.04878,Male,0,0,0,1,0,Tumakuru,0,0
1365,16666.66667,Male,0,0,0,1,0,Tumakuru,0,0
1366,5952.380952,Male,0,1,0,1,0,Tumakuru,0,0
1369,4166.666667,Male,0,0,0,1,0,Tumakuru,0,0
1382,5970.149254,Female,1,1,0,0,1,Tumakuru,0,0
1386,40000,Male,0,1,0,0,1,Tumakuru,0,0
1387,25000,Male,0,0,0,0,1,Tumakuru,0,0
1388,30000,Male,0,0,0,1,0,Tumakuru,1,1
1389,5714.285714,Male,0,0,0,1,0,Tumakuru,0,1
1390,7936.507937,Male,0,0,1,0,1,Tumakuru,0,0
1391,12121.21212,Male,0,0,0,1,0,Tumakuru,0,1
1392,10000,Male,0,0,0,1,0,Tumakuru,1,1
1396,4000,Male,0,0,0,0,1,Tumakuru,0,0
1399,-15000,Male,0,0,0,0,1,Tumakuru,0,0
1401,9090.909091,Male,0,0,0,0,1,Tumakuru,0,0
1404,4761.904762,Male,0,0,0,0,1,Tumakuru,0,0
1410,20000,Male,0,0,0,0,1,Tumakuru,0,0
1418,1.00E+05,Male,0,0,1,0,1,Tumakuru,0,0
1421,12500,Male,0,0,0,1,0,Tumakuru,0,0
1423,4375,Male,0,0,0,1,0,Tumakuru,0,0
1424,20000,Female,1,0,0,0,1,Tumakuru,0,0
1429,-13636.36364,Male,0,0,0,1,0,Tumakuru,0,0
1430,15625,Male,0,0,0,1,0,Tumakuru,0,0
1431,33333.33333,Male,0,0,0,1,0,Tumakuru,0,0
1436,8333.333333,Male,0,0,0,0,1,Tumakuru,1,1
1437,12500,Male,0,0,0,0,1,Tumakuru,0,1
1438,33333.33333,Male,0,0,0,0,1,Tumakuru,1,0
1439,6666.666667,Male,0,0,0,0,1,Tumakuru,0,0
1440,50000,Male,0,0,0,0,1,Tumakuru,1,0
1443,5000,Male,0,0,0,0,1,Tumakuru,1,1
1447,31250,Male,0,0,0,0,1,Tumakuru,1,0
1455,25000,Male,0,1,0,1,0,Tumakuru,0,0
1457,21551.72414,Male,0,0,0,1,0,Tumakuru,0,1
1463,41666.66667,Male,0,0,0,1,0,Tumakuru,0,1
1464,6097.560976,Male,0,0,0,1,0,Tumakuru,1,0
1466,47619.04762,Male,0,0,0,1,0,Tumakuru,0,0
1472,2400,Male,0,0,0,1,0,Tumakuru,1,0
1473,80000,Male,0,1,0,1,0,Tumakuru,0,1
1474,10000,Male,0,0,0,1,0,Tumakuru,0,1
1475,5000,Male,0,0,0,1,0,Tumakuru,1,1
1477,3780.718336,Male,0,1,0,1,0,Tumakuru,1,0
1478,6666.666667,Male,0,1,0,1,0,Tumakuru,0,0
1484,90909.09091,Male,0,1,0,1,0,Tumakuru,1,0
1490,86956.52174,Male,0,1,0,1,0,Tumakuru,1,0
1492,3000,Male,0,0,0,1,0,Tumakuru,0,0
1493,5000,Male,0,0,0,1,0,Tumakuru,1,1
1499,9090.909091,Male,0,0,0,1,0,Tumakuru,1,0
1502,2500,Female,1,0,0,1,0,Tumakuru,0,0
1505,25000,Female,1,0,0,1,0,Tumakuru,1,1
1506,50000,Male,0,1,0,1,0,Tumakuru,0,1
1507,83333.33333,Male,0,0,0,1,0,Tumakuru,0,0
1508,71428.57143,Male,0,0,0,1,0,Tumakuru,1,0
1509,83333.33333,Male,0,0,0,1,0,Tumakuru,0,0
1512,33333.33333,Male,0,0,0,1,0,Tumakuru,0,0
1514,30000,Male,0,1,0,1,0,Tumakuru,0,0
1524,27272.72727,Female,1,1,0,1,0,Tumakuru,1,0
1525,37500,Male,0,0,0,1,0,Tumakuru,1,0
1526,10000,Male,0,1,0,1,0,Tumakuru,0,1
1527,38461.53846,Male,0,1,0,1,0,Tumakuru,0,1
1529,33333.33333,Female,1,0,0,1,0,Tumakuru,1,1
1531,68181.81818,Male,0,0,0,1,0,Tumakuru,1,1
1532,42553.19149,Male,0,0,0,1,0,Tumakuru,1,0
1533,10000,Male,0,0,0,1,0,Tumakuru,1,1
1534,47505.93824,Male,0,0,0,1,0,Tumakuru,0,0
1535,28571.42857,Female,1,0,0,1,0,Tumakuru,1,0
1536,25000,Male,0,0,0,1,0,Tumakuru,0,1
1537,50000,Male,0,0,0,1,0,Tumakuru,1,0
1538,29411.76471,Female,1,0,0,1,0,Tumakuru,1,1
1539,68181.81818,Male,0,1,0,1,0,Tumakuru,1,0
1540,13333.33333,Male,0,1,0,1,0,Tumakuru,0,0
1541,8333.333333,Male,0,1,0,1,0,Tumakuru,0,0
1543,18181.81818,Male,0,0,0,1,0,Tumakuru,0,1
1544,10000,Male,0,0,0,1,0,Tumakuru,0,0
1545,60000,Male,0,0,0,1,0,Tumakuru,0,0
1546,41666.66667,Male,0,1,0,1,0,Tumakuru,1,0
1547,40000,Male,0,0,0,1,0,Tumakuru,1,0
1548,9615.384615,Male,0,0,0,1,0,Tumakuru,0,0
1549,13888.88889,Male,0,1,0,1,0,Tumakuru,0,0
1550,11904.7619,Male,0,0,1,1,0,Tumakuru,0,0
1552,10000,Male,0,0,0,1,0,Tumakuru,0,0
1555,15625,Male,0,1,0,1,0,Tumakuru,0,0
1556,7936.507937,Male,0,0,0,1,0,Tumakuru,0,0
1557,31250,Female,1,0,0,1,0,Tumakuru,0,0
1558,27272.72727,Male,0,0,1,1,0,Tumakuru,0,0
1559,12500,Male,0,1,1,1,0,Tumakuru,0,0
1562,4000,Male,0,0,0,1,0,Tumakuru,1,0
1563,5555.555556,Male,0,0,1,1,0,Tumakuru,0,0
1564,78125,Male,0,0,0,1,0,Tumakuru,0,0
1565,-16666.66667,Male,0,0,0,1,0,Tumakuru,0,0
1566,5791.505792,Male,0,1,0,1,0,Tumakuru,0,0
1568,6250,Male,0,0,1,1,0,Tumakuru,0,0
1569,7923.930269,Female,1,0,0,1,0,Tumakuru,1,0
1572,17241.37931,Female,1,0,0,0,1,Tumakuru,0,1
1573,13333.33333,Male,0,0,0,0,1,Tumakuru,0,0
1574,10000,Male,0,0,0,0,1,Tumakuru,1,0
1575,5000,Female,1,0,0,0,1,Tumakuru,1,1
1576,10000,Male,0,0,0,0,1,Tumakuru,1,0
1577,10000,Male,0,0,0,0,1,Tumakuru,0,0
1579,7500,Female,1,0,0,1,0,Tumakuru,1,0
1582,13333.33333,Male,0,0,0,0,1,Tumakuru,1,0
1583,23437.5,Male,0,0,0,0,1,Tumakuru,1,0
1585,13333.33333,Male,0,0,0,1,0,Tumakuru,1,1
1586,7142.857143,Male,0,0,0,0,1,Tumakuru,1,0
1588,8333.333333,Male,0,0,0,0,1,Tumakuru,1,0
1589,8000,Male,0,0,0,0,1,Tumakuru,1,0
1590,6250,Male,0,0,0,0,1,Tumakuru,1,0
1591,6666.666667,Male,0,0,0,0,1,Tumakuru,1,0
1593,6153.846154,Female,1,0,0,0,1,Tumakuru,1,0
1595,5000,Female,1,0,0,1,0,Tumakuru,0,0
1597,20000,Male,0,0,0,0,1,Tumakuru,1,1
1598,12500,Female,1,0,0,1,0,Tumakuru,1,0
1599,8333.333333,Male,0,0,0,0,1,Tumakuru,1,0
1601,16666.66667,Male,0,0,0,0,1,Tumakuru,1,0
1602,12500,Male,0,0,0,1,0,Tumakuru,0,0
1603,7500,Male,0,0,0,1,0,Tumakuru,0,0
1604,12000,Male,0,0,0,0,1,Tumakuru,0,0
1605,12578.61635,Male,0,0,0,1,0,Tumakuru,1,0
1606,10000,Male,0,0,0,1,0,Tumakuru,0,0
1607,25000,Male,0,0,0,1,0,Tumakuru,1,0
1608,23809.52381,Male,0,0,0,1,0,Tumakuru,1,0
1609,9677.419355,Male,0,0,0,1,0,Tumakuru,0,0
1610,3750,Female,1,0,0,1,0,Tumakuru,1,0
1611,16666.66667,Male,0,0,0,1,0,Tumakuru,1,0
1613,16666.66667,Female,1,0,0,0,1,Tumakuru,1,0
1618,11666.66667,Male,0,0,0,1,0,Tumakuru,0,1
1622,30000,Male,0,0,0,0,1,Tumakuru,1,1
1624,10000,Male,0,1,0,1,0,Tumakuru,1,1
1626,9685.230024,Male,0,0,0,1,0,Tumakuru,0,1
1629,10000,Male,0,1,1,0,1,Tumakuru,0,1
1630,45801.52672,Male,0,0,1,0,1,Tumakuru,0,1
1632,16666.66667,Male,0,1,0,0,1,Tumakuru,0,1
1633,9090.909091,Male,0,1,0,0,1,Tumakuru,0,1
1636,30000,Male,0,1,1,0,1,Tumakuru,0,1
1641,16279.06977,Male,0,0,0,0,1,Tumakuru,1,0
1642,24000,Male,0,1,0,0,1,Tumakuru,0,0
1643,14285.71429,Male,0,1,1,0,1,Tumakuru,0,1
1644,10000,Male,0,0,0,0,1,Tumakuru,0,1
1645,13333.33333,Male,0,1,0,0,1,Tumakuru,1,1
1646,10000,Male,0,1,0,0,1,Tumakuru,0,1
1647,13333.33333,Male,0,0,1,0,1,Tumakuru,1,1
1649,8000,Male,0,0,0,0,1,Tumakuru,0,1
1650,3333.333333,Male,0,1,0,0,1,Tumakuru,0,1
1654,10000,Male,0,0,0,0,1,Tumakuru,0,1
1655,13043.47826,Male,0,0,0,0,1,Tumakuru,0,1
1656,6666.666667,Male,0,1,0,0,1,Tumakuru,1,1
1658,10000,Male,0,0,0,0,1,Tumakuru,0,1
1659,16666.66667,Male,0,0,0,0,1,Tumakuru,0,1
1660,4545.454545,Male,0,0,0,0,1,Tumakuru,0,1
1664,10000,Male,0,1,0,0,1,Tumakuru,1,1
1666,5000,Male,0,0,0,0,1,Tumakuru,0,1
1669,10000,Male,0,1,0,0,1,Tumakuru,1,1
1671,7547.169811,Male,0,1,0,0,1,Tumakuru,0,1
1672,5000,Male,0,0,0,0,1,Tumakuru,1,1
1675,28000,Male,0,1,0,0,1,Tumakuru,1,1
1676,4000,Female,1,0,0,1,0,Tumakuru,0,1
1677,2500,Male,0,0,0,0,1,Tumakuru,0,0
1682,33333.33333,Male,0,0,0,0,1,Tumakuru,0,1
1683,25000,Female,1,0,0,0,1,Tumakuru,0,1
1684,5000,Female,1,0,0,0,1,Tumakuru,0,0
1687,16666.66667,Male,0,0,0,0,1,Tumakuru,0,0
1688,-6666.666667,Male,0,0,0,0,1,Tumakuru,0,0
1689,4166.666667,Male,0,0,0,0,1,Tumakuru,0,1
1693,12500,Male,0,0,1,0,1,Tumakuru,0,1
1695,36885.2459,Male,0,0,0,0,1,Tumakuru,0,1
1696,30000,Male,0,1,0,0,1,Tumakuru,0,0
1697,31818.18182,Male,0,0,0,0,1,Tumakuru,0,0
1698,5000,Male,0,1,0,0,1,Tumakuru,0,1
1699,22727.27273,Male,0,1,1,0,1,Tumakuru,0,0
1700,10000,Male,0,1,0,0,1,Tumakuru,1,0
1702,5000,Male,0,0,0,0,1,Tumakuru,0,1
1703,6666.666667,Male,0,0,0,0,1,Tumakuru,0,1
1704,83333.33333,Male,0,1,0,0,1,Tumakuru,0,1
1705,113636.3636,Male,0,0,0,0,1,Tumakuru,0,1
1707,-12500,Male,0,0,1,0,1,Tumakuru,0,1
1710,125000,Male,0,0,0,0,1,Tumakuru,1,1
1711,5607.476636,Male,0,1,0,1,0,Tumakuru,0,1
1712,-2000,Male,0,0,0,0,1,Tumakuru,0,1
1713,7500,Male,0,1,0,0,1,Tumakuru,1,0
1714,4761.904762,Male,0,0,0,0,1,Tumakuru,0,1
1715,2500,Male,0,1,1,0,1,Tumakuru,0,0
1716,12500,Male,0,0,0,0,1,Tumakuru,0,1
1717,6000,Male,0,0,0,0,1,Tumakuru,1,1
1718,20000,Male,0,1,0,0,1,Tumakuru,1,1
1719,6000,Male,0,0,0,0,1,Tumakuru,0,0
1721,26315.78947,Male,0,1,1,0,1,Tumakuru,0,0
1724,12605.04202,Male,0,1,0,0,1,Tumakuru,0,1
1725,16666.66667,Male,0,0,0,0,1,Tumakuru,0,1
1727,8695.652174,Male,0,0,0,0,1,Tumakuru,0,1
1728,28125,Male,0,0,1,1,0,Tumakuru,0,1
1731,1.00E+05,Male,0,1,0,1,0,Tumakuru,1,1
1733,10000,Female,1,0,0,1,0,Tumakuru,1,1
1734,16666.66667,Female,1,1,1,1,0,Tumakuru,0,1
1735,-833.3333333,Male,0,0,1,0,1,Tumakuru,0,1
1736,3846.153846,Male,0,1,1,0,1,Tumakuru,0,1
1739,5000,Male,0,0,0,0,1,Tumakuru,0,1
1740,2247.191011,Male,0,1,1,0,1,Tumakuru,0,1
1741,5000,Male,0,0,0,0,1,Tumakuru,0,0
1743,16666.66667,Male,0,0,0,1,0,Tumakuru,0,1
1746,9302.325581,Male,0,1,0,1,0,Tumakuru,0,1
1754,20454.54545,Female,1,0,0,0,1,Tumakuru,0,1
1813,10000,Male,0,0,0,0,1,Tumakuru,0,0
1814,15625,Male,0,0,0,0,1,Tumakuru,0,0
1816,2500,Male,0,0,0,0,1,Tumakuru,0,1
1818,2500,Female,1,0,0,0,1,Tumakuru,0,1
1821,-20000,Female,1,0,0,1,0,Tumakuru,1,0
1823,5714.285714,Male,0,0,0,0,1,Tumakuru,0,0
1828,-6349.206349,Male,0,0,0,1,0,Tumakuru,0,1
1830,30000,Male,0,0,0,1,0,Tumakuru,0,1
1832,-23333.33333,Female,1,0,0,1,0,Tumakuru,0,0
1833,4739.336493,Male,0,0,0,0,1,Tumakuru,0,1
1836,9302.325581,Male,0,0,0,1,0,Tumakuru,0,1
1839,8333.333333,Male,0,1,1,0,1,Tumakuru,0,0
1841,12000,Male,0,1,0,0,1,Tumakuru,0,1
1843,6666.666667,Male,0,0,0,0,1,Tumakuru,0,1
1847,2857.142857,Male,0,0,0,0,1,Tumakuru,0,0
1848,5000,Male,0,0,0,0,1,Tumakuru,1,0
1851,3333.333333,Male,0,0,0,1,0,Tumakuru,0,0
1856,5000,Female,1,0,0,0,1,Tumakuru,0,1
1857,4761.904762,Male,0,0,0,0,1,Tumakuru,0,0
1858,3750,Male,0,0,0,0,1,Tumakuru,0,0
1860,25694.44444,Male,0,0,0,0,1,Tumakuru,1,0
1861,6666.666667,Male,0,1,0,0,1,Tumakuru,0,0
1863,5714.285714,Male,0,0,1,1,0,Tumakuru,0,0
1864,1666.666667,Female,1,0,0,0,1,Tumakuru,0,0
1865,25000,Male,0,1,1,0,1,Tumakuru,0,0
1867,4000,Male,0,0,0,0,1,Tumakuru,0,1
1868,3787.878788,Male,0,0,0,0,1,Tumakuru,0,0
1870,25000,Male,0,1,1,0,1,Tumakuru,0,0
1875,7500,Male,0,0,1,0,1,Tumakuru,0,1
1878,4545.454545,Female,1,0,1,0,1,Tumakuru,0,1
1879,2307.692308,Male,0,0,0,0,1,Tumakuru,0,0
1880,3387.096774,Male,0,0,0,0,1,Tumakuru,0,1
1881,10000,Male,0,0,1,0,1,Tumakuru,0,0
1882,33333.33333,Male,0,0,1,0,1,Tumakuru,1,0
1886,6250,Female,1,0,0,0,1,Tumakuru,0,1
1887,40000,Male,0,0,0,0,1,Tumakuru,1,1
1888,6250,Male,0,0,0,0,1,Tumakuru,0,0
1891,5000,Male,0,0,0,0,1,Tumakuru,0,0
1893,4842.615012,Male,0,0,1,0,1,Tumakuru,0,1
1897,12500,Male,0,0,0,1,0,Bellary,1,0
1905,18571.42857,Male,0,1,0,0,1,Bellary,1,0
1906,6038.647343,Male,0,1,0,0,1,Bellary,1,0
1907,12500,Male,0,0,0,1,0,Bellary,1,0
1917,22222.22222,Male,0,1,1,0,1,Bellary,1,0
1918,25000,Female,1,1,1,0,1,Bellary,1,0
1926,10000,Male,0,0,0,0,1,Bellary,1,0
1929,12500,Male,0,0,0,1,0,Bellary,1,0
1938,150000,Male,0,0,0,0,1,Chikballapur,1,0
1942,90909.09091,Female,1,0,0,0,1,Chikballapur,1,0
1953,150000,Male,0,0,0,0,1,Chikballapur,0,1
1967,75000,Male,0,0,0,0,1,Chikballapur,1,1
1968,155000,Male,0,0,0,0,1,Chikballapur,1,1
1971,87719.29825,Male,0,0,0,0,1,Chikballapur,1,1
1973,50000,Male,0,0,0,0,1,Chikballapur,1,1
1974,118181.8182,Male,0,0,0,0,1,Chikballapur,1,1
1975,1.00E+05,Male,0,1,0,0,1,Chikballapur,0,0
1982,90909.09091,Male,0,0,0,0,1,Chikballapur,0,0
1989,40000,Male,0,0,0,0,1,Chikballapur,1,0
1990,150000,Male,0,0,0,0,1,Chikballapur,1,0
1994,60000,Male,0,1,0,0,1,Chikballapur,1,1
1999,63025.21008,Female,1,1,0,0,1,Chikballapur,1,1
2000,31250,Male,0,0,0,0,1,Chikballapur,1,1
2003,22727.27273,Male,0,0,1,0,1,Chikballapur,1,0
2004,20000,Male,0,0,1,0,1,Chikballapur,1,0
2005,0,Male,0,0,0,0,1,Chikballapur,1,0
2006,0,Male,0,1,0,0,1,Chikballapur,1,1
2007,25000,Male,0,1,0,0,1,Chikballapur,1,0
2008,41666.66667,Male,0,0,0,0,1,Chikballapur,1,0
2009,50000,Male,0,0,0,0,1,Chikballapur,1,0
2011,0,Male,0,0,0,0,1,Chikballapur,1,0
2016,11904.7619,Male,0,1,1,0,1,Chikballapur,1,0
2017,1.00E+05,Male,0,0,0,0,1,Chikballapur,1,0
2020,25000,Male,0,0,0,0,1,Chikballapur,1,0
2022,83333.33333,Female,1,0,0,0,1,Chikballapur,1,0
2026,1.00E+05,Male,0,0,0,0,1,Chikballapur,1,0
2029,66666.66667,Male,0,0,0,0,1,Chikballapur,1,0
2036,20000,Male,0,0,0,0,1,Chikballapur,1,0
2040,37590.90909,Male,0,1,0,0,1,Chikballapur,1,1
2045,-62500,Male,0,1,0,0,1,Chikballapur,1,1
2047,1.00E+05,Male,0,0,0,0,1,Chikballapur,1,1
2050,63636.36364,Male,0,0,0,0,1,Chikballapur,1,0
2051,125000,Male,0,0,0,0,1,Chikballapur,1,0
2052,45365.85366,Male,0,0,0,0,1,Chikballapur,1,0
2053,73333.33333,Male,0,0,0,0,1,Chikballapur,1,0
2055,114000,Male,0,0,0,0,1,Chikballapur,1,1
2056,150000,Male,0,0,0,0,1,Chikballapur,0,1
2065,66666.66667,Male,0,0,0,0,1,Chikballapur,1,0
2066,47619.04762,Male,0,1,0,0,1,Chikballapur,1,0
2069,29585.79882,Male,0,1,0,0,1,Chikballapur,1,0
2070,50000,Male,0,0,0,0,1,Chikballapur,1,0
2071,45454.54545,Male,0,1,0,0,1,Chikballapur,1,0
2076,1.00E+05,Male,0,0,0,0,1,Chikballapur,1,0
2077,75000,Male,0,0,0,0,1,Chikballapur,1,0
2078,45454.54545,Male,0,0,0,0,1,Chikballapur,0,0
2079,64516.12903,Male,0,0,0,0,1,Chikballapur,1,0
2080,90909.09091,Male,0,0,0,0,1,Chikballapur,1,0
2081,83333.33333,Male,0,0,0,0,1,Chikballapur,1,1
2084,46875,Male,0,0,0,0,1,Chikballapur,1,1
2086,66666.66667,Male,0,0,0,0,1,Chikballapur,1,0
2088,25000,Male,0,1,1,0,1,Chikballapur,1,0
2089,83333.33333,Male,0,0,0,0,1,Chikballapur,1,0
2090,0,Male,0,0,1,0,1,Chikballapur,1,0
2093,83333.33333,Male,0,0,0,0,1,Chikballapur,1,0
2096,90909.09091,Male,0,0,0,0,1,Chikballapur,1,0
2097,1.00E+05,Male,0,0,0,0,1,Chikballapur,1,0
2098,1.00E+05,Male,0,0,0,0,1,Chikballapur,1,0
2106,153846.1538,Male,0,1,0,0,1,Chikballapur,1,0
2107,83333.33333,Male,0,0,0,0,1,Chikballapur,1,0
2110,111111.1111,Male,0,0,0,0,1,Chikballapur,1,0
2114,50000,Male,0,0,0,0,1,Chikballapur,1,0
2116,136363.6364,Male,0,0,0,0,1,Chikballapur,1,0
2121,25000,Male,0,1,1,0,1,Chikballapur,1,0
2123,66666.66667,Male,0,0,0,0,1,Chikballapur,1,0
2124,1.00E+05,Male,0,0,0,0,1,Chikballapur,1,0
2126,25000,Male,0,0,1,0,1,Chikballapur,1,1
2127,83333.33333,Male,0,1,1,0,1,Chikballapur,1,0
2134,136363.6364,Male,0,0,0,0,1,Chikballapur,1,0
2136,6250,Male,0,0,0,0,1,Chikballapur,1,1
2144,150000,Male,0,0,0,0,1,Chikballapur,1,0
2148,40000,Male,0,1,0,1,0,Belagavi,1,0
2155,16129.03226,Male,0,1,1,0,1,Belagavi,1,0
2159,18750,Male,0,1,0,1,0,Belagavi,1,0
2164,0,Male,0,1,0,1,0,Belagavi,1,0
2166,35000,Male,0,0,0,1,0,Belagavi,1,0
2168,9375,Male,0,1,1,1,0,Belagavi,1,0
2254,47826.08696,Male,0,1,0,1,0,Belagavi,1,0
2255,5000,Male,0,1,0,1,0,Belagavi,1,0
2265,29761.90476,Male,0,0,0,1,0,Belagavi,1,0
2341,4285.714286,Male,0,0,0,1,0,Tumakuru,0,1
2351,9708.737864,Male,0,1,0,1,0,Tumakuru,0,1
2353,6000,Female,1,1,0,1,0,Tumakuru,0,1
2355,7075.471698,Male,0,0,0,1,0,Tumakuru,1,1
2358,3333.333333,Male,0,0,0,1,0,Tumakuru,0,1
2388,5882.352941,Male,0,1,0,1,0,Tumakuru,1,1
2389,4201.680672,Female,1,1,0,1,0,Tumakuru,1,1
2392,7500,Male,0,0,0,1,0,Tumakuru,1,0
2394,9090.909091,Male,0,1,0,1,0,Tumakuru,0,0
2411,25000,Male,0,1,0,1,0,Tumakuru,1,1
2412,7500,Male,0,1,0,1,0,Tumakuru,1,1
2413,41666.66667,Male,0,0,0,1,0,Tumakuru,1,0
2554,155172.4138,Male,0,1,0,0,1,Mandya,1,1
2581,5000,Female,1,0,0,0,1,Mandya,1,0
2596,48387.09677,Male,0,0,0,0,1,Mandya,1,0
2601,3797.468354,Male,0,0,0,0,1,Mandya,1,0
2602,10000,Male,0,0,0,0,1,Mandya,1,0
2604,2564.102564,Male,0,0,1,0,1,Mandya,1,0
2605,5000,Male,0,0,1,0,1,Mandya,1,0
2609,150000,Male,0,1,0,1,0,Belagavi,1,0
2611,125000,Male,0,1,0,1,0,Belagavi,1,0
2614,150000,Male,0,0,0,1,0,Belagavi,1,0
2619,47318.61199,Male,0,0,0,1,0,Belagavi,1,0
2621,125000,Male,0,1,0,1,0,Belagavi,1,0
2626,150000,Male,0,1,0,1,0,Belagavi,1,0
2645,0,Male,0,0,0,0,1,Mandya,1,0
2648,15000,Male,0,0,0,0,1,Mandya,1,1
2664,150000,Male,0,1,0,1,0,Belagavi,1,0
2667,150000,Male,0,0,0,1,0,Belagavi,1,0
2674,125000,Male,0,1,0,1,0,Belagavi,1,0
2681,150000,Male,0,0,0,1,0,Belagavi,1,0
2685,150000,Male,0,1,0,1,0,Belagavi,1,0
2686,-25000,Male,0,0,0,1,0,Belagavi,1,0
2688,150000,Male,0,0,0,1,0,Belagavi,1,0
2693,-20833.33333,Male,0,0,0,1,0,Belagavi,1,0
2695,150000,Male,0,1,0,1,0,Belagavi,1,0
2697,125000,Male,0,1,0,1,0,Belagavi,1,0
2705,50000,Male,0,1,0,1,0,Belagavi,1,0
2714,150000,Male,0,1,0,1,0,Belagavi,1,0
2720,50000,Male,0,1,0,1,0,Belagavi,1,0
2723,75000,Male,0,0,0,1,0,Belagavi,1,0
2728,150000,Male,0,0,0,1,0,Belagavi,1,0
2734,75000,Male,0,1,0,1,0,Belagavi,1,0
2735,150000,Male,0,1,0,1,0,Belagavi,1,0
2738,125000,Male,0,0,0,1,0,Belagavi,1,0
2739,150000,Male,0,1,0,1,0,Belagavi,1,0
2740,125000,Male,0,1,0,1,0,Belagavi,1,0
2744,50000,Male,0,1,0,1,0,Belagavi,1,0
2754,18000,Male,0,0,0,0,1,Mandya,0,0
2755,38793.10345,Male,0,0,0,0,1,Mandya,1,0
2760,121621.6216,Male,0,0,0,0,1,Mandya,1,0
2763,3750,Male,0,0,0,0,1,Mandya,1,0
2767,22500,Male,0,0,0,0,1,Mandya,1,0
2771,20930.23256,Male,0,0,0,0,1,Mandya,0,0
2772,37500,Male,0,0,0,0,1,Mandya,1,0
2773,93846.15385,Male,0,0,0,0,1,Mandya,1,0
2779,-3289.473684,Male,0,0,0,0,1,Mandya,1,0
2791,-4926.108374,Male,0,0,0,0,1,Mandya,1,0
2851,9090.909091,Male,0,0,0,0,1,Mandya,1,0
2853,-4761.904762,Male,0,0,0,0,1,Mandya,1,0
2865,16666.66667,Male,0,0,0,0,1,Mandya,1,0
2867,1492.537313,Male,0,0,0,0,1,Mandya,1,0
2868,2314.814815,Male,0,0,0,0,1,Mandya,1,0
2869,-2314.814815,Male,0,0,0,0,1,Mandya,1,0
2870,-16129.03226,Male,0,0,0,0,1,Mandya,1,0
2965,18181.81818,Male,0,0,0,1,0,Tumakuru,1,0
2966,10683.76068,Male,0,1,1,1,0,Tumakuru,1,0
2969,13636.36364,Male,0,1,0,1,0,Tumakuru,0,1
2970,16666.66667,Male,0,1,0,0,1,Tumakuru,0,1
2971,5882.352941,Male,0,1,0,1,0,Tumakuru,0,1
2979,2500,Female,1,0,0,0,1,Tumakuru,0,1
2983,8333.333333,Male,0,0,1,1,0,Tumakuru,1,1
2984,2500,Male,0,1,1,1,0,Tumakuru,0,1
3047,25000,Male,0,0,1,0,1,Mandya,1,0
3050,58333.33333,Male,0,0,0,0,1,Mandya,1,0
3051,25000,Male,0,0,0,0,1,Mandya,1,0
3053,72000,Male,0,0,1,0,1,Mandya,1,0
3054,25000,Male,0,0,1,0,1,Mandya,1,0
3056,50000,Male,0,0,1,0,1,Mandya,1,0
3062,50000,Male,0,0,1,0,1,Mandya,0,0
3064,23809.52381,Male,0,0,0,0,1,Mandya,1,0
3066,50000,Male,0,0,1,0,1,Mandya,1,0
3096,140000,Male,0,0,0,1,0,Belagavi,1,0
3101,150000,Male,0,1,0,1,0,Belagavi,0,0
3105,150000,Male,0,0,0,1,0,Belagavi,1,0
3106,150000,Male,0,1,0,1,0,Belagavi,1,0
3108,125000,Male,0,0,0,1,0,Belagavi,1,0
3110,-31250,Male,0,1,0,1,0,Belagavi,1,0
3114,125000,Male,0,0,0,1,0,Belagavi,1,0
3117,0,Male,0,1,0,1,0,Mandya,1,0
3121,-4166.666667,Male,0,0,0,0,1,Mandya,0,0
3135,40909.09091,Male,0,0,0,0,1,Mandya,1,1
3139,42307.69231,Male,0,0,0,0,1,Mandya,1,1
3146,18333.33333,Female,1,0,0,0,1,Mandya,1,1
3148,125000,Male,0,0,0,0,1,Mandya,0,1
3150,35714.28571,Male,0,0,0,0,1,Mandya,1,1
3239,15000,Male,0,0,1,0,1,Mandya,1,0
3278,75000,Male,0,1,0,1,0,Belagavi,1,0
3282,-12500,Male,0,1,0,1,0,Belagavi,1,0
3283,-5000,Male,0,1,0,1,0,Belagavi,1,1
3285,-5000,Male,0,0,0,1,0,Belagavi,0,0
3286,-5000,Male,0,0,0,1,0,Belagavi,1,0
3287,-62500,Male,0,0,0,1,0,Belagavi,1,0
3360,4761.904762,Male,0,0,0,0,1,Mandya,1,0
3361,-8064.516129,Male,0,0,0,0,1,Mandya,1,0
3363,8333.333333,Female,1,0,0,0,1,Mandya,1,0
3365,-6521.73913,Male,0,0,0,0,1,Mandya,1,0
3373,66666.66667,Male,0,0,0,0,1,Mandya,1,1
3376,50000,Male,0,1,1,1,0,Mandya,1,0
3419,4000,Male,0,0,0,0,1,Mandya,1,0
3464,-11904.7619,Male,0,1,0,0,1,Mandya,1,0
3465,33333.33333,Male,0,0,0,0,1,Mandya,1,0
3480,10000,Male,0,0,0,0,1,Mandya,1,0
3576,34615.38462,Male,0,0,0,0,1,Mandya,1,1
3615,1.00E+05,Male,0,0,0,0,1,Chikballapur,1,0
3619,82857.14286,Male,0,0,0,0,1,Chikballapur,1,1
3620,145000,Male,0,0,0,0,1,Chikballapur,0,1
3621,50000,Male,0,1,0,0,1,Chikballapur,1,0
3625,66666.66667,Male,0,0,0,0,1,Chikballapur,1,0
3626,1.00E+05,Male,0,0,0,0,1,Chikballapur,1,1
3627,136363.6364,Female,1,0,0,0,1,Chikballapur,1,0
3631,-5714.285714,Male,0,0,0,0,1,Chikballapur,1,1
3634,111111.1111,Male,0,0,0,0,1,Chikballapur,1,1
3635,1.00E+05,Male,0,0,0,0,1,Chikballapur,1,0
3636,136363.6364,Male,0,0,0,0,1,Chikballapur,1,0
3637,95000,Male,0,0,0,0,1,Chikballapur,1,1
3641,1.00E+05,Female,1,0,0,0,1,Chikballapur,1,1
3647,1.00E+05,Male,0,0,0,0,1,Chikballapur,1,0
3649,25000,Male,0,0,0,0,1,Chikballapur,1,0
3652,83333.33333,Male,0,0,0,0,1,Chikballapur,1,0
3653,36904.7619,Male,0,0,0,0,1,Chikballapur,1,0
3654,1.00E+05,Female,1,0,0,0,1,Chikballapur,1,0
3656,40000,Male,0,0,0,0,1,Chikballapur,1,0
3661,75000,Male,0,0,0,0,1,Chikballapur,1,0
3672,70093.45794,Male,0,0,0,0,1,Chikballapur,1,0
3673,32258.06452,Male,0,0,1,0,1,Chikballapur,1,0
3674,83333.33333,Male,0,0,0,0,1,Chikballapur,1,0
3677,50000,Male,0,0,0,0,1,Chikballapur,1,0
3681,50000,Female,1,0,0,0,1,Chikballapur,0,0
3694,150000,Female,1,0,0,0,1,Chikballapur,1,0
3695,1.00E+05,Male,0,0,0,0,1,Chikballapur,1,0
3696,1.00E+05,Female,1,0,0,0,1,Chikballapur,1,0
3697,68493.15068,Female,1,0,0,0,1,Chikballapur,1,0
3699,1.00E+05,Male,0,0,0,0,1,Chikballapur,1,0
3704,136363.6364,Male,0,0,0,0,1,Chikballapur,1,0
3713,5000,Male,0,0,0,0,1,Tumakuru,0,1
3714,-40000,Male,0,1,0,1,0,Tumakuru,0,1
3715,30000,Male,0,1,0,0,1,Tumakuru,1,1
3720,3750,Male,0,1,0,1,0,Tumakuru,1,0
3721,25000,Male,0,0,0,1,0,Tumakuru,1,0
3722,7500,Male,0,0,0,1,0,Tumakuru,1,0
3724,15000,Male,0,0,0,1,0,Tumakuru,1,0
3725,15000,Male,0,0,0,1,0,Tumakuru,1,0
3729,66666.66667,Male,0,0,0,1,0,Tumakuru,1,0
3730,1219.512195,Male,0,0,1,1,0,Tumakuru,0,0
3731,15000,Male,0,0,0,1,0,Tumakuru,1,0
3733,83333.33333,Male,0,0,0,0,1,Chikballapur,1,0
3735,150000,Male,0,0,0,0,1,Chikballapur,1,0
3737,1.00E+05,Male,0,0,0,0,1,Chikballapur,1,0
3739,1.00E+05,Male,0,0,0,0,1,Chikballapur,1,1
3740,1.00E+05,Male,0,0,0,0,1,Chikballapur,1,0
3742,150000,Male,0,0,0,0,1,Chikballapur,0,0
3748,143884.8921,Male,0,0,0,0,1,Chikballapur,1,0
3755,12500,Male,0,0,0,1,0,Bellary,1,0
3757,16666.66667,Male,0,0,0,1,0,Bellary,1,0
3763,30000,Male,0,0,0,1,0,Tumakuru,1,1
3764,16666.66667,Male,0,1,0,1,0,Tumakuru,1,0
3765,5000,Male,0,0,0,1,0,Tumakuru,1,0
3767,7500,Male,0,1,0,1,0,Tumakuru,1,0
3770,6250,Male,0,1,0,1,0,Tumakuru,0,0
3772,6250,Female,1,0,0,1,0,Tumakuru,1,0
3775,6000,Male,0,0,0,1,0,Tumakuru,1,0
3776,22727.27273,Male,0,0,1,1,0,Tumakuru,1,0
3777,15000,Male,0,0,0,1,0,Tumakuru,0,0
3779,10000,Male,0,0,0,1,0,Tumakuru,1,0
3781,150000,Male,0,0,0,0,1,Chikballapur,1,0
3787,75000,Male,0,0,0,0,1,Chikballapur,1,0
3792,87719.29825,Male,0,0,0,0,1,Chikballapur,1,1
3804,150000,Male,0,0,0,0,1,Chikballapur,1,0
3813,45454.54545,Male,0,0,0,0,1,Chikballapur,1,0
3814,31250,Male,0,0,0,0,1,Chikballapur,1,0
3815,33333.33333,Male,0,0,0,0,1,Chikballapur,1,0
3819,150000,Male,0,0,0,0,1,Chikballapur,1,0
3829,99264.70588,Male,0,0,0,0,1,Chikballapur,1,1
3835,1.00E+05,Male,0,0,0,0,1,Chikballapur,1,1
3843,1.00E+05,Male,0,0,0,0,1,Chikballapur,1,0
3844,38834.95146,Male,0,0,0,0,1,Chikballapur,1,0
3845,44052.86344,Male,0,0,0,0,1,Chikballapur,1,0
3861,32154.34084,Male,0,1,0,1,0,Belagavi,1,0
3864,9500,Male,0,0,0,1,0,Belagavi,1,0
3870,1.00E+05,Male,0,0,0,1,0,Belagavi,1,0
3878,1.00E+05,Female,1,0,0,0,1,Chikballapur,1,0
3881,83333.33333,Male,0,0,0,0,1,Chikballapur,1,0
3888,83333.33333,Male,0,0,0,0,1,Chikballapur,1,1
3889,1.00E+05,Male,0,0,0,0,1,Chikballapur,1,1
3890,50000,Male,0,0,0,0,1,Chikballapur,1,1
3893,1.00E+05,Male,0,0,0,0,1,Chikballapur,1,1
3897,92307.69231,Male,0,0,0,0,1,Chikballapur,1,0
3904,21413.33333,Male,0,1,0,1,0,Belagavi,1,1
3907,72508.5,Female,1,1,0,1,0,Belagavi,1,1
3909,25000,Male,0,0,0,1,0,Belagavi,1,0
3914,75000,Male,0,0,0,1,0,Belagavi,1,0
3915,18264.84018,Male,0,0,0,1,0,Belagavi,1,0
3918,136363.6364,Male,0,0,0,0,1,Chikballapur,1,0
3927,66666.66667,Male,0,0,0,0,1,Chikballapur,1,0
3933,150000,Male,0,0,0,0,1,Chikballapur,1,0
3939,114833.3333,Male,0,0,0,0,1,Chikballapur,0,1
3945,50000,Male,0,0,0,0,1,Chikballapur,1,1
3947,50000,Male,0,0,0,0,1,Chikballapur,1,1
3948,50000,Male,0,0,0,0,1,Chikballapur,1,1
3952,84745.76271,Male,0,0,0,0,1,Chikballapur,1,1
3960,20000,Male,0,0,0,0,1,Chikballapur,0,1
3963,83333.33333,Male,0,0,0,0,1,Chikballapur,0,1
3968,5000,Male,0,1,0,0,1,Mandya,1,1
3972,13636.36364,Male,0,0,0,0,1,Mandya,1,1
3975,0,Male,0,0,0,0,1,Mandya,1,0
3979,-3478.26087,Male,0,0,0,0,1,Mandya,1,0
3980,-3333.333333,Male,0,0,0,0,1,Mandya,1,0
3981,-4166.666667,Male,0,0,0,0,1,Mandya,1,0
3983,1875,Male,0,0,0,0,1,Mandya,1,0
4006,-9523.809524,Male,0,0,0,0,1,Mandya,1,1
4008,5000,Female,1,0,0,0,1,Mandya,1,0
4014,4545.454545,Male,0,0,0,0,1,Mandya,1,0
4041,4545.454545,Female,1,1,0,0,1,Mandya,1,1
4042,4545.454545,Male,0,1,0,0,1,Mandya,1,1
4044,-40000,Male,0,1,0,0,1,Mandya,1,1
4050,3759.398496,Male,0,0,0,0,1,Mandya,0,1
4061,150000,Male,0,1,0,0,1,Mandya,1,1
4112,4545.454545,Male,0,1,0,1,0,Belagavi,1,0
4115,40000,Male,0,1,0,1,0,Belagavi,1,0
4125,21428.57143,Male,0,1,0,1,0,Belagavi,1,0
4126,13952.38095,Male,0,0,0,1,0,Belagavi,1,0
4127,48449.54128,Male,0,1,0,1,0,Belagavi,1,0
4129,24174.04762,Male,0,1,0,1,0,Belagavi,1,0
4130,25487.5,Male,0,1,0,1,0,Belagavi,1,0
4131,103448.2759,Male,0,1,1,1,0,Belagavi,1,0
4134,4866.180049,Male,0,1,0,1,0,Belagavi,1,0
4135,6082.725061,Male,0,1,0,1,0,Belagavi,1,0
4137,7738.095238,Male,0,1,0,1,0,Belagavi,1,0
4138,20887.5,Male,0,0,0,1,0,Belagavi,1,0
4140,13500,Male,0,1,0,1,0,Belagavi,1,0
4142,7073.954984,Male,0,1,0,1,0,Belagavi,1,0
4150,47761.19403,Male,0,0,0,0,1,Chikballapur,1,1
4151,45454.54545,Male,0,0,0,0,1,Chikballapur,1,0
4156,150000,Male,0,0,0,0,1,Chikballapur,1,0
4159,76923.07692,Male,0,0,0,0,1,Chikballapur,1,0
4162,86363.63636,Male,0,0,0,0,1,Chikballapur,1,1
4163,142857.1429,Male,0,0,0,0,1,Chikballapur,1,0
4164,96774.19355,Female,1,0,0,0,1,Chikballapur,1,0
4171,95238.09524,Female,1,0,0,0,1,Chikballapur,1,0
4172,66666.66667,Male,0,0,0,0,1,Chikballapur,1,0
4177,60000,Male,0,0,0,0,1,Chikballapur,1,0
4178,64516.12903,Male,0,0,0,0,1,Chikballapur,1,0
4179,80645.16129,Male,0,0,0,0,1,Chikballapur,1,0
4180,1.00E+05,Male,0,0,0,0,1,Chikballapur,1,0
4182,150000,Male,0,0,0,0,1,Chikballapur,1,0
4183,1.00E+05,Male,0,0,0,0,1,Chikballapur,1,1
4184,1.00E+05,Male,0,0,0,0,1,Chikballapur,0,1
4185,153846.1538,Male,0,0,0,0,1,Chikballapur,1,1
4187,1.00E+05,Male,0,0,0,0,1,Chikballapur,1,1
4188,32786.88525,Male,0,0,0,0,1,Chikballapur,1,1
4190,150000,Male,0,0,0,0,1,Chikballapur,1,0
4191,90909.09091,Male,0,0,0,0,1,Chikballapur,1,1
4193,76923.07692,Male,0,0,0,0,1,Chikballapur,1,1
4194,125000,Male,0,0,0,0,1,Chikballapur,1,1
4196,91666.66667,Female,1,0,0,0,1,Chikballapur,1,1
4197,83333.33333,Male,0,0,0,0,1,Chikballapur,1,1
